accessibility,entropy,euclpace,lambdaacc,regionalproba,stability,traveldistance
0.5392722367556596,0.9997420937592458,2.0,0.05,0.5,0.029322707506972828,13.329783914898124
0.5392960335385616,0.99976517843307,2.0,0.05,0.5,0.027146062150672404,13.328960298445063
0.5392232728328271,0.9997597752161763,2.0,0.05,0.5,0.02623150087848651,13.33220182073955
0.5380260830641669,0.9996626098898659,2.0,0.05,0.5,0.06560855708100283,13.383906895563344
