accessibility,entropy,euclpace,gametype,lambdaacc,regionalproba,stability,traveldistance
0.5450591499688648,0.9980810542071523,2.0,random,0.05,0.5,0.02920582983815716,13.086676647982896
0.5447931737378762,0.998244565870462,2.0,random,0.05,0.5,0.023159998456215233,13.098703567941271
0.5449911303645859,0.9980532781241539,2.0,simple-nash,0.05,0.5,0.025822000604615453,13.089488527866843
0.544892893667726,0.9981375872114393,2.0,simple-nash,0.05,0.5,0.02439534940859056,13.094091654865005
