accessibility,activesentropy,collcost,constrcost,empentropy,euclpace,expcollab,extdecrepitude,extgrowth,failed,gametype,lambdaacc,realcollab,regionalproba,stability,traveldistance,wantedcollab,withextd
0.2650395350047672,0.9950857932560659,1.0E-4,0.001,0.9959643085223956,5.0,0.0,0.20276748474223186,1.0,0.0,random,0.05,0.0,0.0,0.023810879659138737,31.923933230383632,0.0,true
0.2663412264665351,0.9951179535063133,1.0E-4,0.001,0.995433341003496,5.0,0.0,0.1826697977120955,1.0,0.0,random,0.05,0.0,0.0,0.031035884680636873,31.78330429823934,0.0,true
0.2656684244251446,0.9950299535805617,1.0E-4,0.001,0.9958086170278592,5.0,0.6106392339492257,0.1863683341407477,1.0,0.0,discrete-choices,0.05,0.5,0.0,0.026182269058854644,31.854892704093523,0.5,true
0.2656604363003536,0.9954443245784548,1.0E-4,0.001,0.9954987712598199,5.0,0.6106392339492128,0.2308105939360861,1.0,0.0,discrete-choices,0.05,0.5,0.0,0.031074866296877245,31.85599379011709,0.75,true
0.2662749804900093,0.9951451626487356,1.0E-4,0.001,0.9954534882479539,5.0,0.125,0.19045798549319237,1.0,0.0,simple-nash,0.05,0.0,0.0,0.03130696093898508,31.789930867792066,0.125,true
0.2662749804900094,0.9951451626487351,1.0E-4,0.001,0.995453488247953,5.0,0.25,0.19045798549319248,1.0,0.0,simple-nash,0.05,0.0,0.0,0.03130696093898502,31.789930867792044,0.25,true
