accessibility,activesentropy,collcost,constrcost,empentropy,euclpace,expcollab,extdecrepitude,extgrowth,failed,gametype,lambdaacc,realcollab,regionalproba,stability,traveldistance,wantedcollab,withextd
0.34483024102785204,0.7933756152369367,1.0E-4,0.001,0.7250573137295897,5.0,0.0,0.0,1.0,1.0,random,0.05,0.0,0.0,0.0,31.504193165841357,0.0,1.0
0.3900200175058311,0.8091554904174761,1.0E-4,0.001,0.7375053835146812,5.0,0.0,0.0,1.0,1.0,simple-nash,0.05,0.0,0.0,0.0,23.65974998314864,0.0,1.0
