accessibility,entropy,euclpace,lambdaacc,regionalproba,stability,traveldistance
0.724393102080412,0.9998362755127259,5.0,0.01,0.5,0.018453011549848075,33.49719296354945
0.7243784374510013,0.9998346779382967,5.0,0.01,0.5,0.01714707351567433,33.499411660414104
0.7243053237716534,0.9998017278070734,5.0,0.01,0.5,0.021417827818077398,33.50990122124725
0.7243811522143626,0.9998089438941309,5.0,0.01,0.5,0.024082795979944997,33.49865585735817
