accessibility,entropy,euclpace,lambdaacc,regionalproba,stability,traveldistance
0.45290565061472654,0.9982743290050773,2.0,0.05,0.5,0.034634100446438734,18.55540519531019
0.5121558979873598,0.9977603554309322,2.0,0.05,0.5,0.046432117715905594,15.424043727924264
