alphalocalization,diffusion,diffusionsteps,distance,entropy,growthrate,moran,slope
1.176781793833729,0.02834268799772846,2.0,0.3040085335339549,0.9806746505110471,132.58776811350333,0.1617132823176801,-0.54166929570202
1.176781793833729,0.02834268799772846,0.0,0.3543866011566749,0.7879794793409248,132.58776811350333,0.003351524063300712,-1.1179582523004976
1.176781793833729,0.02834268799772846,1.0,0.26178999188420965,0.9822838212633175,132.58776811350333,0.11062981427961086,-0.5287542771853518
1.176781793833729,0.02834268799772846,3.0,0.35661588397581834,0.9865281433776804,132.58776811350333,0.16100386550571194,-0.4390119969302938
