alphalocalization,diffusion,diffusionsteps,distance,entropy,growthrate,moran,slope
0.9579831112253485,0.03720620658241301,3.0,0.2414739310642742,0.9963436266373166,147.81503271904154,0.17102727656121525,-0.23131737479084197
0.9579831112253485,0.03720620658241301,0.0,0.37541052079017273,0.8138194827451164,147.81503271904154,0.003651821129801437,-1.2206819268099256
0.9579831112253485,0.03720620658241301,1.0,0.38376297629106293,0.9945892639952686,147.81503271904154,0.12733267360466513,-0.2825539478084137
0.9579831112253485,0.03720620658241301,2.0,0.2831044225989629,0.9951599463843105,147.81503271904154,0.19818875842728487,-0.26182933854750107
