alphalocalization,diffusion,diffusionsteps,distance,entropy,growthrate,moran,slope
0.6915955200383362,0.015063195635089316,1.0,0.3792046035187538,0.9935459735204286,292.08089386056326,0.05136295666423269,-0.30993156886301704
0.6915955200383362,0.015063195635089316,0.0,0.37111973126335684,0.8702327504377996,292.08089386056326,0.0032673654251583074,-0.9558333928508179
0.6915955200383362,0.015063195635089316,2.0,0.40635254461478476,0.996453566721556,292.08089386056326,0.06602895817010468,-0.22588039589099884
0.6915955200383362,0.015063195635089316,3.0,0.41050204786427863,0.9976714989704576,292.08089386056326,0.08189126430606168,-0.184606391695592
1.4185549583959651,0.0763638919732382,3.0,0.27439086416467473,0.9891134863242179,409.059175433155,0.1568828664470597,-0.4063909040074166
1.4185549583959651,0.0763638919732382,2.0,0.17727075149833976,0.9856380847968406,409.059175433155,0.15719926127615924,-0.44336354565051445
1.4185549583959651,0.0763638919732382,1.0,0.34489882949355605,0.9810918459065439,409.059175433155,0.10090290629566209,-0.5274076314793027
1.4185549583959651,0.0763638919732382,0.0,0.36935439416527593,0.8580699326692157,409.059175433155,0.0035372605370778145,-1.0151465034335658
