diffusion,distance,entropy,moran,slope
0.1,0.32186372691043663,0.9997638860992138,0.11461703277104997,-0.05739075295593446
0.1,0.3531085173942614,0.9996438588837622,0.16270913253746438,-0.06922064691719423
0.1,0.3191998593794749,0.9996756604189274,0.17547798522542898,-0.0652880687779492
0.1,0.24763099708104683,0.9997029107741379,0.16948081483073946,-0.06258176011759774
