distance,entropy,moran,slope
0.40170662486836467,0.9997490601980832,0.15713678408322762,-0.0587487750476354
0.3984961118871196,0.9997079682121275,0.18627230463031202,-0.06507905976295773
0.2919718815070471,0.9997025835984283,0.15294755862069107,-0.06583449871549399
0.2752171641380204,0.9996034941667713,0.16413572359242473,-0.07674237692256372
