distance,entropy,moran,slope
0.3003513231960505,0.9996870615784229,0.1688911264388522,-0.06279209982216608
0.42101887481978406,0.9997845770087289,0.12661820231173856,-0.055632292218670255
0.2681549731259361,0.9992865879052355,0.20535449673812586,-0.09322740060082116
0.30025411366757954,0.9996477990274573,0.20031067287220944,-0.06562726561568305
