diffusion,distance,entropy,moran,slope
0.1,0.36298831305023255,0.999718146826866,0.1591905801979039,-0.061398803467685066
0.1,0.2970946359285525,0.9997499481817373,0.1700663694970428,-0.06124296862892061
0.1,0.2127788776286581,0.999700567317361,0.1691893157716862,-0.06303578443184775
0.1,0.19751609157407982,0.9996063986401065,0.170481615678358,-0.075450232654419
