distance,entropy,moran,slope
0.2977487660626475,0.9996513605473757,0.19005297395090737,-0.06900005797472228
0.28300904403833216,0.9996651657660133,0.16804071800409526,-0.06386957250954875
0.20701703507453706,0.9997300923346522,0.20267769292035578,-0.06071942542969869
0.3540039256243998,0.9997644064552482,0.15568350420111957,-0.054077104462361164
