distance,entropy,moran,slope
0.30081141927068455,0.9997314425754696,0.1370334406467358,-0.060045961017177386
0.3436833291624931,0.9996871225098681,0.1477385557465435,-0.061205992212292414
0.19909788334775025,0.9997091337426236,0.18597579973779318,-0.06427950914686144
