diffusion,distance,entropy,moran,slope
0.1,0.2995182199811836,0.9997819763749687,0.16940606944651296,-0.054817501837686376
0.1,0.26904400058502076,0.9997664657408085,0.2112132386680219,-0.05923395168772096
0.1,0.33456368207758075,0.9994894917762328,0.22139673400346718,-0.07831775001913556
0.1,0.30662836418905953,0.9997699253957177,0.13433927114182362,-0.05823388703956716
