alphalocalization,citiesNumber,diffusion,diffusionsteps,distance,entropy,gravityHierarchyExponent,gravityInflexion,gravityRadius,growthrate,hierarchyRole,id,maxNewLinksNumber,meanBwCentrality,meanPathLength,meanRelativeSpeed,moran,nwDiameter,nwLength,population,replication,rsquared,slope
1.186870023850048,88.15118449237644,0.08388087385913123,3.893128031190355,0.9010381185190515,0.995636912575502,1.3717498556972503,7.49499490729912,3.666853768437349,17813.409789572306,0.25186260365009483,0,17.819960389436094,0.16152315392501124,0.9401859533271739,0.516675723919929,0.06014149861084861,2.4166899959586665,692.8694392639769,325621.2396122605,-426052874,0.5975923854825183,-0.24899915295495537
