alphalocalization,citiesNumber,diffusion,diffusionsteps,distance,entropy,gravityHierarchyExponent,gravityInflexion,gravityRadius,growthrate,hierarchyRole,maxNewLinksNumber,meanBwCentrality,meanPathLength,meanRelativeSpeed,moran,nwDiameter,nwLength,population,replication,rsquared,slope
1.0201358524719288,118.50976854905036,0.2223204838070042,1.8349686188479062,0.9040438733519183,0.9977670132341085,2.544798833837785,1.2938162991185767,95.8156889663967,28836.349171481397,0.3384817360018,18.642360866932606,0.14323306427322247,0.7405958205854709,0.5611059917879326,0.051742111688289516,2.205038053778047,741.1444543961089,675746.4859240749,69952812,0.3918284155591983,-0.15556279959754268
