"x";"y";"moran";"distance";"entropy";"slope";"pop"
"1";5000;5000;0.0275239288776508;0.0066323630556778;0.887984709401377;-0.599180008917654;39907.41
"2";5100;5000;0.0265388926769702;0.00689309081817133;0.874864634448995;-0.661026256081497;40365.93
"3";5200;5000;0.0367400072326827;0.00836127531222637;0.837085614682433;-0.735596824178892;45940.79
"4";5000;5100;0.0241014335939087;0.00871660842366086;0.913994757908137;-0.60800051602413;40750.72
"5";5100;5100;0.0224641310707862;0.00904840840973481;0.902370251301053;-0.663416924419477;42038.86
"6";5200;5100;0.0356465987484952;0.00992770923581945;0.842732465765844;-0.771486360178798;52704.5
"7";5000;5200;0.0253778328704538;0.0105771621417371;0.902680972579762;-0.695666346272942;49962.85
"8";5100;5200;0.0235309901942534;0.0111642792725091;0.892355987932216;-0.745285960410583;52379.65
"9";5200;5200;0.0225567900727657;0.0109951915824033;0.874452067340847;-0.791421849037468;53857.72
