"x";"y";"moran";"distance";"entropy";"slope";"pop"
"1";5000;5000;0.0236319136399851;0.00595994706906231;0.88845041592257;-0.85693712349227;39907.41
"2";5100;5000;0.0229827044670974;0.00619412860561037;0.874959454068518;-0.896584975246127;40365.93
"3";5200;5000;0.0313092531436589;0.0083611385465672;0.841097196768389;-1.05019323623943;45940.79
"4";5000;5100;0.0189661382823875;0.0072126314034834;0.910851758371841;-0.739154138869753;40750.72
"5";5100;5100;0.0183218702318932;0.00748734495533071;0.898998646144215;-0.780564579019764;42038.86
"6";5200;5100;0.0296890995364188;0.00970635774424447;0.845362461442057;-1.02495073850536;52704.5
"7";5000;5200;0.0188434429759241;0.00875225102585273;0.898067530557925;-0.746112714870503;49962.85
"8";5100;5200;0.0181063882206231;0.00923809150560529;0.887600920488202;-0.796881818110182;52379.65
"9";5200;5200;0.0173725323372213;0.00946930341113349;0.869177885849867;-0.896640663857372;53857.72
