alphalocalization,diffusion,diffusionsteps,distance,entropy,growthrate,moran,population,replication,rsquared,slope
1.2,0.01,2.0,0.9308569258218609,0.9660959856461528,1000.0,0.06022671450342507,1000000.0,2144967916,0.7952445050538768,-0.6741727621667202
1.2,0.01,2.0,1.0051554804019356,0.9593541642832154,1000.0,0.08250288704126212,1000000.0,-263589600,0.8880899077678377,-0.6965691108530006
1.2,0.01,2.0,0.9373571576315877,0.9642413617738237,1000.0,0.08234942542592409,1000000.0,-1185604865,0.8577880251640851,-0.6911110984634202
1.2,0.01,2.0,0.9722350663336953,0.9502741605471868,1000.0,0.07301804955157201,1000000.0,-107361167,0.9101151851142419,-0.7308040314883941
