moran;distance;entropy;slope;rsquared
0.0630326393088666;0.850321003190082;-1523.31014451169;-0.726855965984144;0.939615617252214
