moran;distance;entropy;slope;rsquared
0.127919148664294;0.00809858262066305;-163536.023792637;-0.424685690735832;0.851632393397838
