moran;distance;entropy;slope;rsquared
0.0539877379770053;0.934696543100328;-1448.05510918789;-0.759561125711059;0.955344788995275
