alphalocalization,config,diffusion,diffusionsteps,distance,entropy,growthrate,moran,population,replication,rsquared,slope
2.0172250781437477,/Users/Juste/.openmole/localhost/.tmp/48704ade-2745-46f7-96eb-b8f06cccc802/filee7c9c07f-3655-4622-8d92-be44a89af2f6.bin,0.15412671481526774,1.4478836377152202,0.2358965290388647,0.5528573235034023,10002.296371542561,0.07139533389443263,947378.0472448872,1188137343,0.8238023862409786,-0.9079441207747482
2.0172250781437477,/Users/Juste/.openmole/localhost/.tmp/48704ade-2745-46f7-96eb-b8f06cccc802/file9d72b11a-bc17-4d23-aa81-51d25e5de057.bin,0.15412671481526774,1.4478836377152202,0.1723151373038406,0.5583686910458372,10002.296371542561,0.07381609246214677,947378.0472448872,1287850224,0.7763599047358277,-0.9082957321685445
2.0172250781437477,/Users/Juste/.openmole/localhost/.tmp/48704ade-2745-46f7-96eb-b8f06cccc802/file1e7cd84a-d761-489b-a3f4-fc230adb84ef.bin,0.15412671481526774,1.4478836377152202,0.1886796386045459,0.5760260460545694,10002.296371542561,0.07107116993034264,947378.0472448872,-1645486669,0.9044873804869127,-1.0654410597482555
2.0172250781437477,/Users/Juste/.openmole/localhost/.tmp/48704ade-2745-46f7-96eb-b8f06cccc802/fileec6886bf-69f8-400e-8d6a-8cf96d6f48e4.bin,0.15412671481526774,1.4478836377152202,0.19415376062447595,0.5528629684733903,10002.296371542561,0.07193516928168996,947378.0472448872,1590682174,0.8017894092069623,-0.9093682880103073
