accessibility,activesentropy,collcost,constrcost,empentropy,euclpace,expcollab,failed,game,gametype,id,lambdaacc,realcollab,regionalproba,replication,setupType,stability,targetDistance,targetNetwork,traveldistance,wantedcollab
0.5489654693055079,0.8741170553061915,4.862134884395293E-4,0.004755294157730093,0.8817830324833476,8.473766177698906,0.0,0.0,1.7709008732691713,simple-nash,0,0.003981618930625439,0.0,0.538990456055364,991243980,1,0.0,119.63322064452142,0,130.6835016237732,0.0
0.5489654693055079,0.8741170553061915,4.862134884395293E-4,0.004755294157730093,0.8817830324833476,8.473766177698906,0.0,0.0,1.7709008732691713,simple-nash,0,0.003981618930625439,0.0,0.538990456055364,1742512584,1,0.0,119.63322064452142,0,130.6835016237732,0.0
0.5489654693055079,0.8741170553061915,4.862134884395293E-4,0.004755294157730093,0.8817830324833476,8.473766177698906,0.0,0.0,1.7709008732691713,simple-nash,0,0.003981618930625439,0.0,0.538990456055364,1620106855,1,0.0,119.63322064452142,0,130.6835016237732,0.0
0.5489654693055079,0.8741170553061915,4.862134884395293E-4,0.004755294157730093,0.8817830324833476,8.473766177698906,0.0,0.0,1.7709008732691713,simple-nash,0,0.003981618930625439,0.0,0.538990456055364,-611242428,1,0.0,119.63322064452142,0,130.6835016237732,0.0
0.5489654693055079,0.8741170553061915,4.862134884395293E-4,0.004755294157730093,0.8817830324833476,8.473766177698906,0.0,0.0,1.7709008732691713,simple-nash,0,0.003981618930625439,0.0,0.538990456055364,1357435739,1,0.0,119.63322064452142,0,130.6835016237732,0.0
