accessibility,activesentropy,empentropy,euclpace,expcollab,extdecrepitude,gametype,lambdaacc,realcollab,regionalproba,stability,traveldistance,wantedcollab
0.265542887335722,0.9951756749361367,0.9958632709185573,5.0,0.0,0.0,random,0.05,0.0,0.0,0.02294433153753657,31.867249661752904,0.0
0.2655026405697554,0.9951562336418233,0.9958689451252183,5.0,0.0,0.0,random,0.05,0.0,0.0,0.022731234599320936,31.871553988196155,0.0
0.26517602582863337,0.9951324166198583,0.9959545785363408,5.0,0.0,0.0,random,0.05,0.0,0.0,0.021015822594564592,31.90806659510913,0.0
0.2661448290628686,0.9952880004066952,0.9955813199274749,5.0,0.0,0.0,random,0.05,0.0,0.0,0.027351101064024018,31.80404654720224,0.0
0.26544030447717004,0.9950997940548465,0.9958850173596926,5.0,0.625,0.0,simple-nash,0.05,0.25,0.0,0.022318552720942318,31.878538579368293,0.625
0.26568013045457134,0.9951628091859384,0.9957987372468508,5.0,0.5,0.0,simple-nash,0.05,0.0,0.0,0.023773282633129722,31.852756442857473,0.5
0.2656801304545713,0.9951628091859368,0.9957987372468511,5.0,0.625,0.0,simple-nash,0.05,0.25,0.0,0.02377328263312974,31.852756442857523,0.625
0.2662468125291433,0.9951896514621416,0.9954458779034803,5.0,0.375,0.0,simple-nash,0.05,0.0,0.0,0.026845789063134264,31.79310988854499,0.375
