accessibility,entropy,euclpace,lambdaacc,regionalproba,stability,traveldistance
0.5392633982384657,0.9997811576435293,2.0,0.05,0.5,0.026945433151981564,13.330607488487274
0.5392455454626043,0.9997972094942507,2.0,0.05,0.5,0.022524585806826564,13.33143385743399
0.5392504103625211,0.9997622950411827,2.0,0.05,0.5,0.025085699049367582,13.33095062350809
0.5393304787671659,0.9997859026868806,2.0,0.05,0.5,0.029548208609017648,13.32770255758244
