accessibility,activesentropy,collcost,constrcost,empentropy,euclpace,expcollab,extdecrepitude,extgrowth,failed,gametype,lambdaacc,realcollab,regionalproba,stability,traveldistance,wantedcollab,withextd
0.38883074249003,0.7995950068580354,1.0E-4,0.001,0.7320497852608733,5.0,0.0,0.0,1.0,1.0,random,0.05,0.0,0.0,0.0,23.939821428579837,0.0,1.0
0.39467811126698804,0.79301451874587,1.0E-4,0.001,0.7279722732738215,5.0,0.0,0.0,1.0,1.0,random,0.05,0.0,0.0,0.0,23.393304376187793,0.0,1.0
0.3992975797449485,0.7821924338139772,1.0E-4,0.001,0.7195516562172929,5.0,0.0,0.0,1.0,1.0,discrete-choices,0.05,0.0,0.0,0.0,23.093897035961604,0.0,1.0
0.42193803853444817,0.7797899545523783,1.0E-4,0.001,0.7180486872939955,5.0,0.0,0.0,1.0,1.0,discrete-choices,0.05,0.0,0.0,0.0,20.90109762683071,0.0,1.0
0.3651250813813915,0.8105977789435813,1.0E-4,0.001,0.738395217041441,5.0,0.0,0.0,1.0,1.0,simple-nash,0.05,0.0,0.0,0.0,26.890488322719722,0.0,1.0
0.3832231620928548,0.7770469049015236,1.0E-4,0.001,0.7143671599567636,5.0,0.0,0.0,1.0,1.0,simple-nash,0.05,0.0,0.0,0.0,25.153962393288438,0.0,1.0
