accessibility,entropy,euclpace,lambdaacc,regionalproba,stability,traveldistance
0.03256814068777418,0.9998528661468892,2.0,0.5,0.5,0.010360224839355506,13.231212718547642
0.032578181489681425,0.9997734090672178,2.0,0.5,0.5,0.01723790302937647,13.214874412664619
0.032570169626728054,0.9998097230450341,2.0,0.5,0.5,0.010936643434885235,13.223063002438733
0.032578894710021324,0.9997972376664072,2.0,0.5,0.5,0.014751157848488513,13.21786004891503
