accessibility,entropy,euclpace,lambdaacc,regionalproba,stability,traveldistance
0.38667846604868567,0.9997978876973979,2.0,0.05,0.5,0.024242912642273854,21.49051336954345
0.38677807594895053,0.9997832635182179,2.0,0.05,0.5,0.026473470001882125,21.483564485921914
0.38660356690685965,0.9998154011211245,2.0,0.05,0.5,0.021391482982470598,21.49599954851083
0.38696955857195137,0.9998145579040989,2.0,0.05,0.5,0.028710330346904518,21.471650037340606
