moran;distance;entropy;slope;rsquared
0.302577670049866;0.0238638948165084;0.931670650254643;-1.07717634002916;0.765184887099112
