moran;distance;entropy;slope;rsquared
0.323785039997784;0.0236703479929592;0.934357491745059;-1.05628656285538;0.746469502952036
