moran;distance;entropy;slope;rsquared
0.244150313085304;0.0247395172698189;-60490.6125819807;-1.3247352418525;0.596229507633727
