moran;distance;entropy;slope;rsquared
0.310637834502002;0.0237061381011089;0.934603684315757;-1.0523158628653;0.75789378917474
