moran;distance;entropy;slope;rsquared
0.307672307257315;0.0216619016562556;0.928997194440385;-1.10443222179643;0.766907421341516
