moran;distance;entropy;slope;rsquared
0.213140264303008;0.0249168997325833;-66124.2995844207;-1.67997354638348;0.743934295643981
