moran;distance;entropy;slope;rsquared
0.224545697291315;0.0255652301349211;-64080.5213948164;-1.56054914029005;0.751781275736979
