moran;distance;entropy;slope;rsquared
0.276774534629849;0.0242173393663187;-60032.558863375;-1.4597669545528;0.643373519443786
