sp-diffusion;sp-diffusion-steps;sp-alpha-localization;sp-growth-rate;moran-index;average-distance-individuals;entropy;rank-size-slope
0.05;2;1.3;100;0.19929962383170588;0.1541224404582608;0.9841282764242538;-0.48883918718157643
0.05;2;1.3;100;0.1407503935958353;0.13845800794490679;0.9661336525365889;-0.6604592250631927
