sp-diffusion;sp-diffusion-steps;sp-alpha-localization;sp-growth-rate;moran-index;average-distance-individuals;entropy;rank-size-slope
0.05;2;1.3;100;0.1542293339071754;0.362880496514358;0.9819804707205231;-0.5341366684176228
0.05;2;1.3;100;0.21588635356876532;0.2188318443535856;0.9556997104122232;-0.7063344049035664
