sp-diffusion;sp-diffusion-steps;sp-alpha-localization;sp-growth-rate;moran-index;average-distance-individuals;entropy;rank-size-slope
0.3;2;0.9;100;0.36855924672594065;0.0920857207734968;0.9989314032690435;-0.1007426557627425
0.3;2;0.9;100;0.35438293455424513;0.07572313425987667;0.9995254566833894;-0.08149798635558664
0.3;2;0.9;100;0.23047437213676242;0.08134301123639064;0.9998602380070372;-0.04392441930810178
