sp-diffusion;sp-diffusion-steps;sp-alpha-localization;sp-growth-rate;moran-index;average-distance-individuals;entropy;rank-size-slope
0.05;2;1.3;100;0.14593669707382576;0.24825403505103852;0.9790107432669228;-0.5596653174358848
0.05;2;1.3;100;0.18043463913673774;0.3109337741264333;0.9705475714463002;-0.6440494174450615
0.05;2;1.3;100;0.1343203873311196;0.2842730005089075;0.9823506402579888;-0.5356791875978623
0.05;2;1.3;100;0.15690136665823357;0.19016908549921901;0.9805685323756944;-0.528468290870338
0.05;2;1.3;100;0.17084107521872474;0.1632061137941108;0.9624544424325174;-0.7397108022189308
