sp-diffusion;sp-diffusion-steps;sp-alpha-localization;sp-growth-rate;moran-index;average-distance-individuals;entropy;rank-size-slope
0.05;2;0.9;100;0.20745720493340108;0.33091045380998513;0.9977533848230703;-0.1776621588210313
0.05;2;0.9;100;0;0;0;0
0.05;2;0.9;100;0;0;0;0
0.05;2;0.9;100;0;0;0;0
0.05;2;0.9;100;0;0;0;0
