sp-diffusion;sp-diffusion-steps;sp-alpha-localization;sp-growth-rate;moran-index;average-distance-individuals;entropy;rank-size-slope
0.1;2;0.9;100;0.18553317614269374;0.35601636773247924;0.9986160422994409;-0.13912568389380736
0.1;2;0.9;100;0.296505839330225;0.2433255105493342;0.9985445470020824;-0.14070118159792883
0.1;2;0.9;100;0.29169159693268426;0.23623327037741657;0.9986151989125346;-0.12853043070985737
