sp-diffusion;sp-diffusion-steps;sp-alpha-localization;sp-growth-rate;moran-index;average-distance-individuals;entropy;rank-size-slope
0.05;2;1.3;100;0.19636569252263825;0.3641761558200187;0.9755383888085896;-0.6014006169033248
0.05;2;1.3;100;0.17683540285527666;0.1260944884423341;0.9712746387101193;-0.6006294102974808
