citiesNumber,densityConfig,gravityHierarchyExponent,gravityInflexion,gravityRadius,hierarchyRole,maxNewLinksNumber,meanBwCentrality,meanPathLength,meanRelativeSpeed,nwDiameter,nwLength
25.179990185742,1,2.3534346211246886,1.6023570212425504,11.677641284776541,0.42850022391419906,5.057708123383033,null,null,null,null,null
25.179990185742,2,2.3534346211246886,1.6023570212425504,11.677641284776541,0.42850022391419906,5.057708123383033,null,null,null,null,null
25.179990185742,1,2.3534346211246886,1.6023570212425504,11.677641284776541,0.42850022391419906,5.057708123383033,null,null,null,null,null
25.179990185742,2,2.3534346211246886,1.6023570212425504,11.677641284776541,0.42850022391419906,5.057708123383033,null,null,null,null,null
25.179990185742,1,2.3534346211246886,1.6023570212425504,11.677641284776541,0.42850022391419906,5.057708123383033,null,null,null,null,null
25.179990185742,2,2.3534346211246886,1.6023570212425504,11.677641284776541,0.42850022391419906,5.057708123383033,null,null,null,null,null
25.179990185742,1,2.3534346211246886,1.6023570212425504,11.677641284776541,0.42850022391419906,5.057708123383033,null,null,null,null,null
25.179990185742,2,2.3534346211246886,1.6023570212425504,11.677641284776541,0.42850022391419906,5.057708123383033,null,null,null,null,null
