alphalocalization,diffusion,diffusionsteps,distance,growthrate,moran,population,replication
1.2,0.1,2,0.0239471311685163,1000.0,0.299293641718703,100000.0,1272761451
1.2,0.1,2,0.0239471311685163,1000.0,0.299293641718703,100000.0,1481632027
1.2,0.1,2,0.0239471311685163,1000.0,0.299293641718703,100000.0,1064961834
1.2,0.1,2,0.0239471311685163,1000.0,0.299293641718703,100000.0,137652027
