alphalocalization,diffusion,diffusionsteps,distance,growthrate,moran,population,replication
1.2,0.1,2,0.00809858262066305,1000.0,0.127919148664294,100000.0,1333096837
1.2,0.1,2,0.00809858262066305,1000.0,0.127919148664294,100000.0,-819742261
1.2,0.1,2,0.00809858262066305,1000.0,0.127919148664294,100000.0,-699544859
1.2,0.1,2,0.00809858262066305,1000.0,0.127919148664294,100000.0,1393086443
