alphalocalization,diffusion,diffusionsteps,distance,growthrate,moran,population,replication
1.2,0.1,2,0.0255652301349211,1000.0,0.224545697291315,100000.0,-315487741
1.2,0.1,2,0.0249168997325833,1000.0,0.213140264303008,100000.0,-676096956
1.2,0.1,2,0.0247395172698189,1000.0,0.244150313085304,100000.0,674462326
1.2,0.1,2,0.0242173393663187,1000.0,0.276774534629849,100000.0,-1786749918
