alphalocalization,diffusion,diffusionsteps,distance,growthrate,moran,population,replication
1.2,0.1,2,0.0586534785651393,1000.0,0.0220864112088467,20000.0,1998816190
1.2,0.1,2,0.0586534785651393,1000.0,0.0220864112088467,20000.0,-747041750
1.2,0.1,2,0.0586534785651393,1000.0,0.0220864112088467,20000.0,-747502263
1.2,0.1,2,0.0586534785651393,1000.0,0.0220864112088467,20000.0,850362802
