alphalocalization,diffusion,diffusionsteps,distance,entropy,growthrate,moran,population,replication,rsquared,slope
1.2,0.1,2,0.9184864300947984,0.9977901097677174,1000.0,0.35572175569268166,1000000.0,-390851459,0.820529589830059,-0.151578364183046
1.2,0.1,2,0.9180791693863714,0.9976702158130227,1000.0,0.35689964845242456,1000000.0,-623911771,0.8025838405096121,-0.15469609876013196
1.2,0.1,2,0.9198526821149965,0.9983788257993788,1000.0,0.35494971506974254,1000000.0,1892061405,0.7905246688658212,-0.12838179210314027
1.2,0.1,2,0.9194852783657887,0.9982201875594282,1000.0,0.35301980558883267,1000000.0,-2043376976,0.8505782969295487,-0.1377822722297357
