alphalocalization,diffusion,diffusionsteps,distance,entropy,growthrate,moran,population,replication,rsquared,slope
1.2,0.1,2,0.0246170763056468,-59963.8601627417,1000.0,0.301300326939276,100000.0,1192722228,0.636167103494762,-1.44748222874952
1.2,0.1,2,0.0248164288199582,-64557.6245860851,1000.0,0.200999864582859,100000.0,-1762980258,0.749412330356339,-1.56690279281851
1.2,0.1,2,0.02460818154132,-61193.5199874505,1000.0,0.290755513896723,100000.0,2136168229,0.686555068162455,-1.49492050407824
1.2,0.1,2,0.0246870465804555,-61600.6186190112,1000.0,0.280976075743224,100000.0,-118705925,0.688104908771486,-1.46649508218098
