alphalocalization,diffusion,diffusionsteps,distance,entropy,growthrate,moran,population,replication,rsquared,slope
1.2,0.0,2,0.9605548953664943,0.7068456193228099,1000.0,-0.0027375967510725047,1000000.0,201833691,0.7802254817578644,-1.8935046129250424
1.2,0.0,2,0.9407555065767998,0.7776164387680992,1000.0,-0.002904489850852738,1000000.0,1576486735,0.7376841283577791,-1.945741766526543
1.2,0.0,2,0.9467940846471988,0.743873319064118,1000.0,-0.0023069458443824606,1000000.0,1002215985,0.7559240196044202,-1.9316023377411506
1.2,0.0,2,0.8346560549270119,0.7775703473343537,1000.0,-0.0033372249332606434,1000000.0,-1081752832,0.7320030529329182,-1.9106240131838619
