alphalocalization,diffusion,diffusionsteps,distance,entropy,growthrate,moran,population,replication,rsquared,slope
1.2,0.1,2,0.8991798843659353,0.9969282775684131,1000.0,0.3179491116125287,100000.0,-99321657,0.6758370190598209,-0.16905696541420423
1.2,0.1,2,0.9338409123062053,0.9976676469596035,1000.0,0.2307281480470671,100000.0,-1115325887,0.8877207620241152,-0.1587846990833177
1.2,0.1,2,0.9322138173432835,0.9986192907603256,1000.0,0.2574787824949104,100000.0,120100599,0.8921861586086701,-0.1221723919891444
1.2,0.1,2,0.9166638852411272,0.9972326508751241,1000.0,0.3258302987848978,100000.0,-1563115237,0.8628336142137136,-0.17113502150512752
