alphalocalization,diffusion,diffusionsteps,distance,entropy,growthrate,moran,population,replication,rsquared,slope
1.2,0.1,2,0.0237061381011089,0.934603684315757,10000.0,0.310637834502002,100000.0,-1606404845,0.75789378917474,-1.0523158628653
1.2,0.1,2,0.0216619016562556,0.928997194440385,10000.0,0.307672307257315,100000.0,1069915673,0.766907421341516,-1.10443222179643
1.2,0.1,2,0.0236703479929592,0.934357491745059,10000.0,0.323785039997784,100000.0,-486251722,0.746469502952036,-1.05628656285538
1.2,0.1,2,0.0238638948165084,0.931670650254643,10000.0,0.302577670049866,100000.0,-1680790725,0.765184887099112,-1.07717634002916
