alphalocalization,diffusion,diffusionsteps,distance,entropy,growthrate,moran,population,replication,rsquared,slope
1.2,0.1,2,0.00809858262066305,-163536.023792637,10000.0,0.127919148664294,100000.0,-1414143791,0.851632393397838,-0.424685690735832
1.2,0.1,2,0.00809858262066305,-163536.023792637,10000.0,0.127919148664294,100000.0,977879839,0.851632393397838,-0.424685690735832
1.2,0.1,2,0.00809858262066305,-163536.023792637,10000.0,0.127919148664294,100000.0,1694403784,0.851632393397838,-0.424685690735832
1.2,0.1,2,0.00809858262066305,-163536.023792637,10000.0,0.127919148664294,100000.0,-920113687,0.851632393397838,-0.424685690735832
