alphalocalization,diffusion,diffusionsteps,distance,entropy,growthrate,moran,population,replication,rsquared,slope
1.2,0.01,2,0.9143604584326548,0.996052425570293,1000.0,0.3651012438004003,1000000.0,397790813,0.7010165383818061,-0.19496776432866594
1.2,0.01,2,0.9348826511231766,0.9962399016489086,1000.0,0.24646993485474158,1000000.0,-542473165,0.8003929372927514,-0.19710991251302287
1.2,0.01,2,0.9256975248183996,0.9962428892965554,1000.0,0.2998991968040913,1000000.0,1472146553,0.8174925747614615,-0.19713691192315588
1.2,0.01,2,0.923859825567941,0.998898152816501,1000.0,0.17134803561372483,1000000.0,1012777350,0.9563764803860945,-0.11156892101852535
